epoch,train_loss,train_acc,val_loss,val_acc
1,0.623574703972874,0.6392333709131905,0.5924895801343717,0.6956956956956957
2,0.513416071198988,0.7474633596392334,0.5476622356547488,0.7177177177177178
3,0.41978274031747453,0.8085932606789428,0.5633770295449564,0.7197197197197197
4,0.31661180294905483,0.8642114493298259,0.6403805505525362,0.7257257257257257
5,0.22083465113991352,0.9111862708255042,0.7366353373031119,0.7307307307307307
6,0.12921174468252572,0.9502693223099086,0.917018289203281,0.7317317317317318
